name	nbRequest	nbRequestOK	nbRequestKO	minResponseTime	minResponseTimeOK	minResponseTimeKO	maxResponseTime	maxResponseTimeOK	maxResponseTimeKO	meanResponseTime	meanResponseTimeOK	meanResponseTimeKO	deviation	deviationOK	deviationKO	percentile1	percentile1OK	percentile1KO	percentile2	percentile2OK	percentile2KO	group1Name	group1Count	group1Percentage	group2Name	group2Count	group2Percentage	group3Name	group3Count	group3Percentage	group4Name	group4Count	group4Percentage	meanNumberOfRequestsPerSecond	meanNumberOfRequestsPerSecondOK	meanNumberOfRequestsPerSecondKO
Global Information	320	320	0	370	370	-1	6900	6900	-1	1614	1614	-1	901	901	-1	3160	3160	-1	4170	4170	-1	t < 800 ms	86	26	800 ms < t < 1200 ms	35	10	t > 1200 ms	199	62	failed	0	0	25	25	-1
Recherche Twitter JCertif	40	40	0	450	450	-1	4220	4220	-1	1503	1503	-1	1281	1281	-1	4170	4170	-1	4220	4220	-1	t < 800 ms	20	50	800 ms < t < 1200 ms	6	15	t > 1200 ms	14	35	failed	0	0	3	3	-1
Recherche Facebook JCertif	40	40	0	1240	1240	-1	4050	4050	-1	2287	2287	-1	676	676	-1	3680	3680	-1	4050	4050	-1	t < 800 ms	0	0	800 ms < t < 1200 ms	0	0	t > 1200 ms	40	100	failed	0	0	3	3	-1
Recherche Twitter Gatling	40	40	0	390	390	-1	2160	2160	-1	686	686	-1	343	343	-1	1180	1180	-1	2160	2160	-1	t < 800 ms	32	80	800 ms < t < 1200 ms	6	15	t > 1200 ms	2	5	failed	0	0	3	3	-1
Recherche Twitter Nantes	40	40	0	400	400	-1	2790	2790	-1	1115	1115	-1	662	662	-1	2490	2490	-1	2790	2790	-1	t < 800 ms	19	47	800 ms < t < 1200 ms	9	22	t > 1200 ms	12	30	failed	0	0	3	3	-1
Recherche Facebook Gatling	40	40	0	1490	1490	-1	3680	3680	-1	2033	2033	-1	430	430	-1	2670	2670	-1	3680	3680	-1	t < 800 ms	0	0	800 ms < t < 1200 ms	0	0	t > 1200 ms	40	100	failed	0	0	3	3	-1
Recherche Twitter Scala	40	40	0	370	370	-1	3750	3750	-1	1082	1082	-1	642	642	-1	2350	2350	-1	3750	3750	-1	t < 800 ms	15	37	800 ms < t < 1200 ms	14	35	t > 1200 ms	11	27	failed	0	0	3	3	-1
Recherche Facebook Nantes	40	40	0	1790	1790	-1	6900	6900	-1	2211	2211	-1	819	819	-1	3310	3310	-1	6900	6900	-1	t < 800 ms	0	0	800 ms < t < 1200 ms	0	0	t > 1200 ms	40	100	failed	0	0	3	3	-1
Recherche Facebook Scala	40	40	0	1770	1770	-1	2240	2240	-1	1999	1999	-1	123	123	-1	2200	2200	-1	2240	2240	-1	t < 800 ms	0	0	800 ms < t < 1200 ms	0	0	t > 1200 ms	40	100	failed	0	0	3	3	-1
