{
    "name": "Global Information",
    "numberOfRequests": {
        "total": 320,
        "ok": 320,
        "ko": 0
    },
    "minResponseTime": {
        "total": 370,
        "ok": 370,
        "ko": -1
    },
    "maxResponseTime": {
        "total": 6900,
        "ok": 6900,
        "ko": -1
    },
    "meanResponseTime": {
        "total": 1614,
        "ok": 1614,
        "ko": -1
    },
    "standardDeviation": {
        "total": 901,
        "ok": 901,
        "ko": -1
    },
    "percentiles1": {
        "total": 3160,
        "ok": 3160,
        "ko": -1
    },
    "percentiles2": {
        "total": 4170,
        "ok": 4170,
        "ko": -1
    },
    "group1": {
        "name": "t < 800 ms",
        "count": 86,
        "percentage": 26
    },
    "group2": {
        "name": "800 ms < t < 1200 ms",
        "count": 35,
        "percentage": 10
    },
    "group3": {
        "name": "t > 1200 ms",
        "count": 199,
        "percentage": 62
    },
    "group4": {
        "name": "failed",
        "count": 0,
        "percentage": 0
    },
    "meanNumberOfRequestsPerSecond": {
        "total": 25,
        "ok": 25,
        "ko": -1
    }
}