{
    "name": "Global Information",
    "numberOfRequests": {
        "total": 7200,
        "ok": 7199,
        "ko": 1
    },
    "minResponseTime": {
        "total": 200,
        "ok": 200,
        "ko": 900
    },
    "maxResponseTime": {
        "total": 3060,
        "ok": 3060,
        "ko": 900
    },
    "meanResponseTime": {
        "total": 353,
        "ok": 353,
        "ko": 900
    },
    "standardDeviation": {
        "total": 195,
        "ok": 195,
        "ko": 0
    },
    "percentiles1": {
        "total": 610,
        "ok": 610,
        "ko": 900
    },
    "percentiles2": {
        "total": 1270,
        "ok": 1270,
        "ko": 900
    },
    "group1": {
        "name": "t < 800 ms",
        "count": 6995,
        "percentage": 97
    },
    "group2": {
        "name": "800 ms < t < 1200 ms",
        "count": 116,
        "percentage": 1
    },
    "group3": {
        "name": "t > 1200 ms",
        "count": 88,
        "percentage": 1
    },
    "group4": {
        "name": "failed",
        "count": 1,
        "percentage": 0
    },
    "meanNumberOfRequestsPerSecond": {
        "total": 24,
        "ok": 24,
        "ko": 0
    }
}