name	nbRequest	nbRequestOK	nbRequestKO	minResponseTime	minResponseTimeOK	minResponseTimeKO	maxResponseTime	maxResponseTimeOK	maxResponseTimeKO	meanResponseTime	meanResponseTimeOK	meanResponseTimeKO	deviation	deviationOK	deviationKO	percentile1	percentile1OK	percentile1KO	percentile2	percentile2OK	percentile2KO	group1Name	group1Count	group1Percentage	group2Name	group2Count	group2Percentage	group3Name	group3Count	group3Percentage	group4Name	group4Count	group4Percentage	meanNumberOfRequestsPerSecond	meanNumberOfRequestsPerSecondOK	meanNumberOfRequestsPerSecondKO
Global Information	7200	7199	1	200	200	900	3060	3060	900	353	353	900	195	195	0	610	610	900	1270	1270	900	t < 800 ms	6995	97	800 ms < t < 1200 ms	116	1	t > 1200 ms	88	1	failed	1	0	24	24	0
Recherche JCertif	1800	1800	0	380	380	-1	2650	2650	-1	471	471	-1	163	163	-1	650	650	-1	1400	1400	-1	t < 800 ms	1756	97	800 ms < t < 1200 ms	16	0	t > 1200 ms	28	1	failed	0	0	6	6	-1
Recherche Gatling	1800	1800	0	200	200	-1	1880	1880	-1	290	290	-1	171	171	-1	500	500	-1	1210	1210	-1	t < 800 ms	1765	98	800 ms < t < 1200 ms	15	0	t > 1200 ms	20	1	failed	0	0	6	6	-1
Recherche Nantes	1800	1799	1	210	210	900	1950	1950	900	322	322	900	202	201	0	630	620	900	1300	1300	900	t < 800 ms	1732	96	800 ms < t < 1200 ms	42	2	t > 1200 ms	25	1	failed	1	0	6	6	0
Recherche Scala	1800	1800	0	210	210	-1	3060	3060	-1	328	328	-1	193	193	-1	610	610	-1	1160	1160	-1	t < 800 ms	1742	96	800 ms < t < 1200 ms	43	2	t > 1200 ms	15	0	failed	0	0	6	6	-1
