name	nbRequest	nbRequestOK	nbRequestKO	minResponseTime	minResponseTimeOK	minResponseTimeKO	maxResponseTime	maxResponseTimeOK	maxResponseTimeKO	meanResponseTime	meanResponseTimeOK	meanResponseTimeKO	deviation	deviationOK	deviationKO	percentile1	percentile1OK	percentile1KO	percentile2	percentile2OK	percentile2KO	group1Name	group1Count	group1Percentage	group2Name	group2Count	group2Percentage	group3Name	group3Count	group3Percentage	group4Name	group4Count	group4Percentage	meanNumberOfRequestsPerSecond	meanNumberOfRequestsPerSecondOK	meanNumberOfRequestsPerSecondKO
Global Information	960	959	1	200	200	410	1620	1620	410	347	347	410	158	158	0	540	540	410	1090	1090	410	t < 800 ms	943	98	800 ms < t < 1200 ms	8	0	t > 1200 ms	8	0	failed	1	0	8	8	0
Recherche JCertif	240	239	1	390	390	410	840	840	410	451	451	410	64	65	0	590	590	410	690	690	410	t < 800 ms	238	99	800 ms < t < 1200 ms	1	0	t > 1200 ms	0	0	failed	1	0	2	2	0
Recherche Gatling	240	240	0	200	200	-1	1620	1620	-1	292	292	-1	147	147	-1	450	450	-1	1040	1040	-1	t < 800 ms	236	98	800 ms < t < 1200 ms	2	0	t > 1200 ms	2	0	failed	0	0	2	2	-1
Recherche Nantes	240	240	0	200	200	-1	1480	1480	-1	313	313	-1	151	151	-1	530	530	-1	1160	1160	-1	t < 800 ms	236	98	800 ms < t < 1200 ms	2	0	t > 1200 ms	2	0	failed	0	0	2	2	-1
Recherche Scala	240	240	0	200	200	-1	1620	1620	-1	333	333	-1	190	190	-1	530	530	-1	1260	1260	-1	t < 800 ms	233	97	800 ms < t < 1200 ms	3	1	t > 1200 ms	4	1	failed	0	0	2	2	-1
