{
    "name": "Global Information",
    "numberOfRequests": {
        "total": 400,
        "ok": 400,
        "ko": 0
    },
    "minResponseTime": {
        "total": 210,
        "ok": 210,
        "ko": -1
    },
    "maxResponseTime": {
        "total": 1330,
        "ok": 1330,
        "ko": -1
    },
    "meanResponseTime": {
        "total": 399,
        "ok": 399,
        "ko": -1
    },
    "standardDeviation": {
        "total": 177,
        "ok": 177,
        "ko": -1
    },
    "percentiles1": {
        "total": 730,
        "ok": 730,
        "ko": -1
    },
    "percentiles2": {
        "total": 1100,
        "ok": 1100,
        "ko": -1
    },
    "group1": {
        "name": "t < 800 ms",
        "count": 383,
        "percentage": 95
    },
    "group2": {
        "name": "800 ms < t < 1200 ms",
        "count": 16,
        "percentage": 4
    },
    "group3": {
        "name": "t > 1200 ms",
        "count": 1,
        "percentage": 0
    },
    "group4": {
        "name": "failed",
        "count": 0,
        "percentage": 0
    },
    "meanNumberOfRequestsPerSecond": {
        "total": 1,
        "ok": 1,
        "ko": -1
    }
}