name	nbRequest	nbRequestOK	nbRequestKO	minResponseTime	minResponseTimeOK	minResponseTimeKO	maxResponseTime	maxResponseTimeOK	maxResponseTimeKO	meanResponseTime	meanResponseTimeOK	meanResponseTimeKO	deviation	deviationOK	deviationKO	percentile1	percentile1OK	percentile1KO	percentile2	percentile2OK	percentile2KO	group1Name	group1Count	group1Percentage	group2Name	group2Count	group2Percentage	group3Name	group3Count	group3Percentage	group4Name	group4Count	group4Percentage	meanNumberOfRequestsPerSecond	meanNumberOfRequestsPerSecondOK	meanNumberOfRequestsPerSecondKO
Global Information	600	600	0	200	200	-1	3450	3450	-1	761	761	-1	499	499	-1	1510	1510	-1	2340	2340	-1	t < 800 ms	354	59	800 ms < t < 1200 ms	123	20	t > 1200 ms	123	20	failed	0	0	44	44	-1
Recherche JCertif	150	150	0	390	390	-1	2880	2880	-1	1006	1006	-1	478	478	-1	1510	1510	-1	2730	2730	-1	t < 800 ms	63	42	800 ms < t < 1200 ms	21	14	t > 1200 ms	66	44	failed	0	0	11	11	-1
Recherche Gatling	150	150	0	210	210	-1	3450	3450	-1	866	866	-1	528	528	-1	1570	1570	-1	2340	2340	-1	t < 800 ms	62	41	800 ms < t < 1200 ms	50	33	t > 1200 ms	38	25	failed	0	0	11	11	-1
Recherche Nantes	150	150	0	210	210	-1	3400	3400	-1	659	659	-1	469	469	-1	1300	1300	-1	2390	2390	-1	t < 800 ms	99	66	800 ms < t < 1200 ms	38	25	t > 1200 ms	13	8	failed	0	0	11	11	-1
Recherche Scala	150	150	0	200	200	-1	2200	2200	-1	514	514	-1	351	351	-1	1140	1140	-1	2180	2180	-1	t < 800 ms	130	86	800 ms < t < 1200 ms	14	9	t > 1200 ms	6	4	failed	0	0	11	11	-1
