{
    "name": "Global Information",
    "numberOfRequests": {
        "total": 960,
        "ok": 959,
        "ko": 1
    },
    "minResponseTime": {
        "total": 200,
        "ok": 200,
        "ko": 410
    },
    "maxResponseTime": {
        "total": 1620,
        "ok": 1620,
        "ko": 410
    },
    "meanResponseTime": {
        "total": 347,
        "ok": 347,
        "ko": 410
    },
    "standardDeviation": {
        "total": 158,
        "ok": 158,
        "ko": 0
    },
    "percentiles1": {
        "total": 540,
        "ok": 540,
        "ko": 410
    },
    "percentiles2": {
        "total": 1090,
        "ok": 1090,
        "ko": 410
    },
    "group1": {
        "name": "t < 800 ms",
        "count": 943,
        "percentage": 98
    },
    "group2": {
        "name": "800 ms < t < 1200 ms",
        "count": 8,
        "percentage": 0
    },
    "group3": {
        "name": "t > 1200 ms",
        "count": 8,
        "percentage": 0
    },
    "group4": {
        "name": "failed",
        "count": 1,
        "percentage": 0
    },
    "meanNumberOfRequestsPerSecond": {
        "total": 8,
        "ok": 8,
        "ko": 0
    }
}