{
    "name": "Global Information",
    "numberOfRequests": {
        "total": 200,
        "ok": 200,
        "ko": 0
    },
    "minResponseTime": {
        "total": 200,
        "ok": 200,
        "ko": -1
    },
    "maxResponseTime": {
        "total": 1520,
        "ok": 1520,
        "ko": -1
    },
    "meanResponseTime": {
        "total": 390,
        "ok": 390,
        "ko": -1
    },
    "standardDeviation": {
        "total": 191,
        "ok": 191,
        "ko": -1
    },
    "percentiles1": {
        "total": 630,
        "ok": 630,
        "ko": -1
    },
    "percentiles2": {
        "total": 1250,
        "ok": 1250,
        "ko": -1
    },
    "group1": {
        "name": "t < 800 ms",
        "count": 194,
        "percentage": 97
    },
    "group2": {
        "name": "800 ms < t < 1200 ms",
        "count": 2,
        "percentage": 1
    },
    "group3": {
        "name": "t > 1200 ms",
        "count": 4,
        "percentage": 2
    },
    "group4": {
        "name": "failed",
        "count": 0,
        "percentage": 0
    },
    "meanNumberOfRequestsPerSecond": {
        "total": 1,
        "ok": 1,
        "ko": -1
    }
}