name	nbRequest	nbRequestOK	nbRequestKO	minResponseTime	minResponseTimeOK	minResponseTimeKO	maxResponseTime	maxResponseTimeOK	maxResponseTimeKO	meanResponseTime	meanResponseTimeOK	meanResponseTimeKO	deviation	deviationOK	deviationKO	percentile1	percentile1OK	percentile1KO	percentile2	percentile2OK	percentile2KO	group1Name	group1Count	group1Percentage	group2Name	group2Count	group2Percentage	group3Name	group3Count	group3Percentage	group4Name	group4Count	group4Percentage	meanNumberOfRequestsPerSecond	meanNumberOfRequestsPerSecondOK	meanNumberOfRequestsPerSecondKO
Global Information	200	200	0	200	200	-1	1520	1520	-1	390	390	-1	191	191	-1	630	630	-1	1250	1250	-1	t < 800 ms	194	97	800 ms < t < 1200 ms	2	1	t > 1200 ms	4	2	failed	0	0	1	1	-1
Recherche JCertif	50	50	0	400	400	-1	710	710	-1	471	471	-1	61	61	-1	560	560	-1	710	710	-1	t < 800 ms	50	100	800 ms < t < 1200 ms	0	0	t > 1200 ms	0	0	failed	0	0	0	0	-1
Recherche Gatling	50	50	0	200	200	-1	1210	1210	-1	320	320	-1	170	170	-1	570	570	-1	1210	1210	-1	t < 800 ms	48	96	800 ms < t < 1200 ms	1	2	t > 1200 ms	1	2	failed	0	0	0	0	-1
Recherche Nantes	50	50	0	210	210	-1	1490	1490	-1	375	375	-1	215	215	-1	610	610	-1	1490	1490	-1	t < 800 ms	48	96	800 ms < t < 1200 ms	1	2	t > 1200 ms	1	2	failed	0	0	0	0	-1
Recherche Scala	50	50	0	200	200	-1	1520	1520	-1	394	394	-1	235	235	-1	710	710	-1	1520	1520	-1	t < 800 ms	48	96	800 ms < t < 1200 ms	0	0	t > 1200 ms	2	4	failed	0	0	0	0	-1
