{
    "name": "Global Information",
    "numberOfRequests": {
        "total": 400,
        "ok": 400,
        "ko": 0
    },
    "minResponseTime": {
        "total": 210,
        "ok": 210,
        "ko": -1
    },
    "maxResponseTime": {
        "total": 8970,
        "ok": 8970,
        "ko": -1
    },
    "meanResponseTime": {
        "total": 1134,
        "ok": 1134,
        "ko": -1
    },
    "standardDeviation": {
        "total": 1172,
        "ok": 1172,
        "ko": -1
    },
    "percentiles1": {
        "total": 3910,
        "ok": 3910,
        "ko": -1
    },
    "percentiles2": {
        "total": 5300,
        "ok": 5300,
        "ko": -1
    },
    "group1": {
        "name": "t < 800 ms",
        "count": 264,
        "percentage": 66
    },
    "group2": {
        "name": "800 ms < t < 1200 ms",
        "count": 24,
        "percentage": 6
    },
    "group3": {
        "name": "t > 1200 ms",
        "count": 112,
        "percentage": 28
    },
    "group4": {
        "name": "failed",
        "count": 0,
        "percentage": 0
    },
    "meanNumberOfRequestsPerSecond": {
        "total": 39,
        "ok": 39,
        "ko": -1
    }
}