name	nbRequest	nbRequestOK	nbRequestKO	minResponseTime	minResponseTimeOK	minResponseTimeKO	maxResponseTime	maxResponseTimeOK	maxResponseTimeKO	meanResponseTime	meanResponseTimeOK	meanResponseTimeKO	deviation	deviationOK	deviationKO	percentile1	percentile1OK	percentile1KO	percentile2	percentile2OK	percentile2KO	group1Name	group1Count	group1Percentage	group2Name	group2Count	group2Percentage	group3Name	group3Count	group3Percentage	group4Name	group4Count	group4Percentage	meanNumberOfRequestsPerSecond	meanNumberOfRequestsPerSecondOK	meanNumberOfRequestsPerSecondKO
Global Information	400	400	0	210	210	-1	8970	8970	-1	1134	1134	-1	1172	1172	-1	3910	3910	-1	5300	5300	-1	t < 800 ms	264	66	800 ms < t < 1200 ms	24	6	t > 1200 ms	112	28	failed	0	0	39	39	-1
Recherche JCertif	100	100	0	430	430	-1	8970	8970	-1	2278	2278	-1	1626	1626	-1	4770	4770	-1	7270	7270	-1	t < 800 ms	24	24	800 ms < t < 1200 ms	2	2	t > 1200 ms	74	74	failed	0	0	10	10	-1
Recherche Gatling	100	100	0	260	260	-1	5160	5160	-1	815	815	-1	690	690	-1	2220	2220	-1	2710	2710	-1	t < 800 ms	77	77	800 ms < t < 1200 ms	11	11	t > 1200 ms	12	12	failed	0	0	10	10	-1
Recherche Nantes	100	100	0	290	290	-1	3000	3000	-1	862	862	-1	665	665	-1	2350	2350	-1	2550	2550	-1	t < 800 ms	74	74	800 ms < t < 1200 ms	7	7	t > 1200 ms	19	19	failed	0	0	10	10	-1
Recherche Scala	100	100	0	210	210	-1	2170	2170	-1	583	583	-1	370	370	-1	1630	1630	-1	2080	2080	-1	t < 800 ms	89	89	800 ms < t < 1200 ms	4	4	t > 1200 ms	7	7	failed	0	0	10	10	-1
