name	nbRequest	nbRequestOK	nbRequestKO	minResponseTime	minResponseTimeOK	minResponseTimeKO	maxResponseTime	maxResponseTimeOK	maxResponseTimeKO	meanResponseTime	meanResponseTimeOK	meanResponseTimeKO	deviation	deviationOK	deviationKO	percentile1	percentile1OK	percentile1KO	percentile2	percentile2OK	percentile2KO	group1Name	group1Count	group1Percentage	group2Name	group2Count	group2Percentage	group3Name	group3Count	group3Percentage	group4Name	group4Count	group4Percentage	meanNumberOfRequestsPerSecond	meanNumberOfRequestsPerSecondOK	meanNumberOfRequestsPerSecondKO
Global Information	400	400	0	210	210	-1	1330	1330	-1	399	399	-1	177	177	-1	730	730	-1	1100	1100	-1	t < 800 ms	383	95	800 ms < t < 1200 ms	16	4	t > 1200 ms	1	0	failed	0	0	1	1	-1
Recherche JCertif	100	100	0	390	390	-1	930	930	-1	498	498	-1	90	90	-1	680	680	-1	800	800	-1	t < 800 ms	98	98	800 ms < t < 1200 ms	2	2	t > 1200 ms	0	0	failed	0	0	0	0	-1
Recherche Gatling	100	100	0	210	210	-1	1330	1330	-1	350	350	-1	190	190	-1	790	790	-1	1050	1050	-1	t < 800 ms	95	95	800 ms < t < 1200 ms	4	4	t > 1200 ms	1	1	failed	0	0	0	0	-1
Recherche Nantes	100	100	0	210	210	-1	1180	1180	-1	371	371	-1	187	187	-1	630	630	-1	1170	1170	-1	t < 800 ms	95	95	800 ms < t < 1200 ms	5	5	t > 1200 ms	0	0	failed	0	0	0	0	-1
Recherche Scala	100	100	0	210	210	-1	1140	1140	-1	376	376	-1	184	184	-1	640	640	-1	1100	1100	-1	t < 800 ms	95	95	800 ms < t < 1200 ms	5	5	t > 1200 ms	0	0	failed	0	0	0	0	-1
