{
    "name": "Global Information",
    "numberOfRequests": {
        "total": 600,
        "ok": 600,
        "ko": 0
    },
    "minResponseTime": {
        "total": 200,
        "ok": 200,
        "ko": -1
    },
    "maxResponseTime": {
        "total": 3450,
        "ok": 3450,
        "ko": -1
    },
    "meanResponseTime": {
        "total": 761,
        "ok": 761,
        "ko": -1
    },
    "standardDeviation": {
        "total": 499,
        "ok": 499,
        "ko": -1
    },
    "percentiles1": {
        "total": 1510,
        "ok": 1510,
        "ko": -1
    },
    "percentiles2": {
        "total": 2340,
        "ok": 2340,
        "ko": -1
    },
    "group1": {
        "name": "t < 800 ms",
        "count": 354,
        "percentage": 59
    },
    "group2": {
        "name": "800 ms < t < 1200 ms",
        "count": 123,
        "percentage": 20
    },
    "group3": {
        "name": "t > 1200 ms",
        "count": 123,
        "percentage": 20
    },
    "group4": {
        "name": "failed",
        "count": 0,
        "percentage": 0
    },
    "meanNumberOfRequestsPerSecond": {
        "total": 44,
        "ok": 44,
        "ko": -1
    }
}